[
  {
    "id": "25KwepLNoJ",
    "img": "/img/organizations/hroza-logo.png",
    "name": "Battalion HROZA"
  },
  {
    "id": "5mrLTKRV2B",
    "img": "/img/organizations/Shostak.png",
    "name": "Ruslan Shostak Charitable Foundation"
  },
  {
    "id": "7B8zynJgXP",
    "img": "/img/organizations/92-logo.png",
    "name": "92 Brigade"
  },
  {
    "id": "3KnuZcZuKz",
    "img": "/img/organizations/prytyla-found.png",
    "name": "Serhiy Prytula Charitable Foundation"
  },
  {
    "id": "5SRuCDVkyY",
    "img": "/img/organizations/30-korpys-logo.png",
    "name": "30th Marine Corps"
  },
  {
    "id": "2JbpBYkhMv",
    "img": "/img/organizations/sternenko-logo.png",
    "name": "Charity fund Sternenko Community - RUSORIZ"
  },
  {
    "id": "5wmhNDE2L",
    "img": "/img/organizations/60-logo.png",
    "name": "60 Brigade"
  },
  {
    "id": "4Mz38Zz82G",
    "img": "/img/organizations/gur-logo.png",
    "name": "Special Forces unit GUR MO - WINGS"
  }
]
