[
  {
    "id": 1,
    "category": "phones",
    "itemId": "apple-iphone-7-32gb-black",
    "name": "Apple iPhone 7 32GB Black",
    "fullPrice": 400,
    "price": 375,
    "screen": "4.7' IPS",
    "capacity": "32GB",
    "color": "black",
    "ram": "2GB",
    "year": 2016,
    "image": "img/phones/apple-iphone-7/black/00.webp"
  },
  {
    "id": 2,
    "category": "phones",
    "itemId": "apple-iphone-7-plus-32gb-black",
    "name": "Apple iPhone 7 Plus 32GB Black",
    "fullPrice": 540,
    "price": 500,
    "screen": "5.5' IPS",
    "capacity": "32GB",
    "color": "black",
    "ram": "3GB",
    "year": 2016,
    "image": "img/phones/apple-iphone-7-plus/black/00.webp"
  },
  {
    "id": 3,
    "category": "phones",
    "itemId": "apple-iphone-8-64gb-gold",
    "name": "Apple iPhone 8 64GB Gold",
    "fullPrice": 600,
    "price": 550,
    "screen": "4.7' IPS",
    "capacity": "64GB",
    "color": "gold",
    "ram": "2GB",
    "year": 2017,
    "image": "img/phones/apple-iphone-8/gold/00.webp"
  },
  {
    "id": 4,
    "category": "phones",
    "itemId": "apple-iphone-11-64gb-black",
    "name": "Apple iPhone 11 64GB Black",
    "fullPrice": 932,
    "price": 880,
    "screen": "6.1' IPS",
    "capacity": "64GB",
    "color": "black",
    "ram": "4GB",
    "year": 2019,
    "image": "img/phones/apple-iphone-11/black/00.webp"
  },
  {
    "id": 5,
    "category": "phones",
    "itemId": "apple-iphone-11-128gb-yellow",
    "name": "Apple iPhone 11 128GB Yellow",
    "fullPrice": 1100,
    "price": 1050,
    "screen": "6.1' IPS",
    "capacity": "128GB",
    "color": "yellow",
    "ram": "4GB",
    "year": 2019,
    "image": "img/phones/apple-iphone-11/yellow/00.webp"
  },
  {
    "id": 6,
    "category": "phones",
    "itemId": "apple-iphone-11-256gb-green",
    "name": "Apple iPhone 11 256GB Green",
    "fullPrice": 1172,
    "price": 1115,
    "screen": "6.1' IPS",
    "capacity": "256GB",
    "color": "green",
    "ram": "4GB",
    "year": 2019,
    "image": "img/phones/apple-iphone-11/green/00.webp"
  },
  {
    "id": 7,
    "category": "phones",
    "itemId": "apple-iphone-11-pro-64gb-gold",
    "name": "Apple iPhone 11 Pro 64GB Gold",
    "fullPrice": 1312,
    "price": 1270,
    "screen": "5.8' OLED",
    "capacity": "64GB",
    "color": "gold",
    "ram": "4GB",
    "year": 2019,
    "image": "img/phones/apple-iphone-11-pro/gold/00.webp"
  },
  {
    "id": 8,
    "category": "phones",
    "itemId": "apple-iphone-11-pro-256gb-midnightgreen",
    "name": "Apple iPhone 11 Pro 256GB Midnight green",
    "fullPrice": 1640,
    "price": 1570,
    "screen": "5.8' OLED",
    "capacity": "256GB",
    "color": "midnightgreen",
    "ram": "4GB",
    "year": 2019,
    "image": "img/phones/apple-iphone-11-pro/midnightgreen/00.webp"
  },
  {
    "id": 9,
    "category": "phones",
    "itemId": "apple-iphone-11-pro-512gb-silver",
    "name": "Apple iPhone 11 Pro 512GB Silver",
    "fullPrice": 1880,
    "price": 1780,
    "screen": "5.8' OLED",
    "capacity": "512GB",
    "color": "silver",
    "ram": "4GB",
    "year": 2019,
    "image": "img/phones/apple-iphone-11-pro/silver/00.webp"
  },
  {
    "id": 10,
    "category": "phones",
    "itemId": "apple-iphone-11-pro-max-64gb-spacegray",
    "name": "Apple iPhone 11 Pro Max 64GB Spacegray",
    "fullPrice": 1480,
    "price": 1400,
    "screen": "6.5' OLED",
    "capacity": "64GB",
    "color": "spacegray",
    "ram": "4GB",
    "year": 2019,
    "image": "img/phones/apple-iphone-11-pro-max/spacegray/00.webp"
  },
  {
    "id": 11,
    "category": "phones",
    "itemId": "apple-iphone-11-pro-max-256gb-gold",
    "name": "Apple iPhone 11 Pro Max 256GB Gold",
    "fullPrice": 1776,
    "price": 1680,
    "screen": "6.5' OLED",
    "capacity": "256GB",
    "color": "gold",
    "ram": "4GB",
    "year": 2019,
    "image": "img/phones/apple-iphone-11-pro-max/gold/00.webp"
  },
  {
    "id": 12,
    "category": "phones",
    "itemId": "apple-iphone-11-pro-max-512gb-spacegray",
    "name": "Apple iPhone 11 Pro Max 512GB Spacegray",
    "fullPrice": 2020,
    "price": 1930,
    "screen": "6.5' OLED",
    "capacity": "512GB",
    "color": "spacegray",
    "ram": "4GB",
    "year": 2019,
    "image": "img/phones/apple-iphone-11-pro-max/spacegray/00.webp"
  },
  {
    "id": 13,
    "category": "phones",
    "itemId": "apple-iphone-xr-64gb-red",
    "name": "Apple iPhone XR 64GB Red",
    "fullPrice": 712,
    "price": 670,
    "screen": "6.1' IPS",
    "capacity": "64GB",
    "color": "red",
    "ram": "3GB",
    "year": 2018,
    "image": "img/phones/apple-iphone-xr/red/00.webp"
  },
  {
    "id": 14,
    "category": "phones",
    "itemId": "apple-iphone-xr-128gb-white",
    "name": "Apple iPhone XR 128GB White",
    "fullPrice": 880,
    "price": 815,
    "screen": "6.1' IPS",
    "capacity": "128GB",
    "color": "white",
    "ram": "3GB",
    "year": 2018,
    "image": "img/phones/apple-iphone-xr/white/00.webp"
  },
  {
    "id": 15,
    "category": "phones",
    "itemId": "apple-iphone-xs-64gb-spacegray",
    "name": "Apple iPhone XS 64GB Spacegray",
    "fullPrice": 760,
    "price": 720,
    "screen": "5.8' OLED",
    "capacity": "64GB",
    "color": "spacegray",
    "ram": "4GB",
    "year": 2018,
    "image": "img/phones/apple-iphone-xs/spacegray/00.webp"
  },
  {
    "id": 16,
    "category": "phones",
    "itemId": "apple-iphone-xs-max-64gb-gold",
    "name": "Apple iPhone XS Max 64GB Gold",
    "fullPrice": 960,
    "price": 900,
    "screen": "6.5' OLED",
    "capacity": "64GB",
    "color": "gold",
    "ram": "4GB",
    "year": 2018,
    "image": "img/phones/apple-iphone-xs-max/gold/00.webp"
  },
  {
    "id": 17,
    "category": "phones",
    "itemId": "apple-iphone-xs-max-256gb-silver",
    "name": "Apple iPhone XS Max 256GB Silver",
    "fullPrice": 1080,
    "price": 1000,
    "screen": "6.5' OLED",
    "capacity": "256GB",
    "color": "silver",
    "ram": "4GB",
    "year": 2018,
    "image": "img/phones/apple-iphone-xs-max/silver/00.webp"
  },
  {
    "id": 18,
    "category": "phones",
    "itemId": "apple-iphone-7-32gb-gold",
    "name": "Apple iPhone 7 32GB Gold",
    "fullPrice": 400,
    "price": 375,
    "screen": "4.7' IPS",
    "capacity": "32GB",
    "color": "gold",
    "ram": "2GB",
    "year": 2016,
    "image": "img/phones/apple-iphone-7/gold/00.webp"
  },
  {
    "id": 19,
    "category": "phones",
    "itemId": "apple-iphone-7-plus-32gb-silver",
    "name": "Apple iPhone 7 Plus 32GB Silver",
    "fullPrice": 540,
    "price": 500,
    "screen": "5.5' IPS",
    "capacity": "32GB",
    "color": "silver",
    "ram": "3GB",
    "year": 2016,
    "image": "img/phones/apple-iphone-7-plus/silver/00.webp"
  },
  {
    "id": 20,
    "category": "phones",
    "itemId": "apple-iphone-8-64gb-spacegray",
    "name": "Apple iPhone 8 64GB Space Gray",
    "fullPrice": 600,
    "price": 550,
    "screen": "4.7' IPS",
    "capacity": "64GB",
    "color": "spacegray",
    "ram": "2GB",
    "year": 2017,
    "image": "img/phones/apple-iphone-8/spacegray/00.webp"
  },
  {
    "id": 21,
    "category": "phones",
    "itemId": "apple-iphone-11-64gb-green",
    "name": "Apple iPhone 11 64GB Green",
    "fullPrice": 932,
    "price": 880,
    "screen": "6.1' IPS",
    "capacity": "64GB",
    "color": "green",
    "ram": "4GB",
    "year": 2019,
    "image": "img/phones/apple-iphone-11/green/00.webp"
  },
  {
    "id": 22,
    "category": "phones",
    "itemId": "apple-iphone-11-128gb-purple",
    "name": "Apple iPhone 11 128GB Purple",
    "fullPrice": 1100,
    "price": 1050,
    "screen": "6.1' IPS",
    "capacity": "128GB",
    "color": "purple",
    "ram": "4GB",
    "year": 2019,
    "image": "img/phones/apple-iphone-11/purple/00.webp"
  },
  {
    "id": 23,
    "category": "phones",
    "itemId": "apple-iphone-11-256gb-yellow",
    "name": "Apple iPhone 11 256GB Yellow",
    "fullPrice": 1172,
    "price": 1115,
    "screen": "6.1' IPS",
    "capacity": "256GB",
    "color": "yellow",
    "ram": "4GB",
    "year": 2019,
    "image": "img/phones/apple-iphone-11/yellow/00.webp"
  },
  {
    "id": 24,
    "category": "phones",
    "itemId": "apple-iphone-11-pro-256gb-gold",
    "name": "Apple iPhone 11 Pro 256GB Gold",
    "fullPrice": 1640,
    "price": 1570,
    "screen": "5.8' OLED",
    "capacity": "256GB",
    "color": "gold",
    "ram": "4GB",
    "year": 2019,
    "image": "img/phones/apple-iphone-11-pro/gold/00.webp"
  },
  {
    "id": 25,
    "category": "phones",
    "itemId": "apple-iphone-11-pro-512gb-spacegray",
    "name": "Apple iPhone 11 Pro 512GB Spacegray",
    "fullPrice": 1880,
    "price": 1780,
    "screen": "5.8' OLED",
    "capacity": "512GB",
    "color": "spacegray",
    "ram": "4GB",
    "year": 2019,
    "image": "img/phones/apple-iphone-11-pro/spacegray/00.webp"
  },
  {
    "id": 26,
    "category": "phones",
    "itemId": "apple-iphone-11-pro-max-64gb-silver",
    "name": "Apple iPhone 11 Pro Max 64GB Silver",
    "fullPrice": 1480,
    "price": 1400,
    "screen": "6.5' OLED",
    "capacity": "64GB",
    "color": "silver",
    "ram": "4GB",
    "year": 2019,
    "image": "img/phones/apple-iphone-11-pro-max/silver/00.webp"
  },
  {
    "id": 27,
    "category": "phones",
    "itemId": "apple-iphone-11-pro-max-256gb-midnightgreen",
    "name": "Apple iPhone 11 Pro Max 256GB Midnightgreen",
    "fullPrice": 1776,
    "price": 1680,
    "screen": "6.5' OLED",
    "capacity": "256GB",
    "color": "midnightgreen",
    "ram": "4GB",
    "year": 2019,
    "image": "img/phones/apple-iphone-11-pro-max/midnightgreen/00.webp"
  },
  {
    "id": 28,
    "category": "phones",
    "itemId": "apple-iphone-11-pro-max-512gb-silver",
    "name": "Apple iPhone 11 Pro Max 512GB Silver",
    "fullPrice": 2020,
    "price": 1930,
    "screen": "6.5' OLED",
    "capacity": "512GB",
    "color": "silver",
    "ram": "4GB",
    "year": 2019,
    "image": "img/phones/apple-iphone-11-pro-max/silver/00.webp"
  },
  {
    "id": 29,
    "category": "phones",
    "itemId": "apple-iphone-xr-64gb-white",
    "name": "Apple iPhone XR 64GB White",
    "fullPrice": 712,
    "price": 670,
    "screen": "6.1' IPS",
    "capacity": "64GB",
    "color": "white",
    "ram": "3GB",
    "year": 2018,
    "image": "img/phones/apple-iphone-xr/white/00.webp"
  },
  {
    "id": 30,
    "category": "phones",
    "itemId": "apple-iphone-xr-128gb-coral",
    "name": "Apple iPhone XR 128GB Coral",
    "fullPrice": 880,
    "price": 815,
    "screen": "6.1' IPS",
    "capacity": "128GB",
    "color": "coral",
    "ram": "3GB",
    "year": 2018,
    "image": "img/phones/apple-iphone-xr/coral/00.webp"
  },
  {
    "id": 31,
    "category": "phones",
    "itemId": "apple-iphone-xs-64gb-gold",
    "name": "Apple iPhone XS 64GB Gold",
    "fullPrice": 760,
    "price": 720,
    "screen": "5.8' OLED",
    "capacity": "64GB",
    "color": "gold",
    "ram": "4GB",
    "year": 2018,
    "image": "img/phones/apple-iphone-xs/gold/00.webp"
  },
  {
    "id": 32,
    "category": "phones",
    "itemId": "apple-iphone-xs-256gb-spacegray",
    "name": "Apple iPhone XS 256GB Spacegray",
    "fullPrice": 960,
    "price": 900,
    "screen": "5.8' OLED",
    "capacity": "256GB",
    "color": "spacegray",
    "ram": "4GB",
    "year": 2018,
    "image": "img/phones/apple-iphone-xs/spacegray/00.webp"
  },
  {
    "id": 33,
    "category": "phones",
    "itemId": "apple-iphone-xs-max-64gb-silver",
    "name": "Apple iPhone XS Max 64GB Silver",
    "fullPrice": 960,
    "price": 900,
    "screen": "6.5' OLED",
    "capacity": "64GB",
    "color": "silver",
    "ram": "4GB",
    "year": 2018,
    "image": "img/phones/apple-iphone-xs-max/silver/00.webp"
  },
  {
    "id": 34,
    "category": "phones",
    "itemId": "apple-iphone-xs-max-256gb-gold",
    "name": "Apple iPhone XS Max 256GB Gold",
    "fullPrice": 1080,
    "price": 1000,
    "screen": "6.5' OLED",
    "capacity": "256GB",
    "color": "gold",
    "ram": "4GB",
    "year": 2018,
    "image": "img/phones/apple-iphone-xs-max/gold/00.webp"
  },
  {
    "id": 35,
    "category": "phones",
    "itemId": "apple-iphone-7-32gb-rosegold",
    "name": "Apple iPhone 7 32GB Rosegold",
    "fullPrice": 400,
    "price": 375,
    "screen": "4.7' IPS",
    "capacity": "32GB",
    "color": "rosegold",
    "ram": "2GB",
    "year": 2016,
    "image": "img/phones/apple-iphone-7/rosegold/00.webp"
  },
  {
    "id": 36,
    "category": "phones",
    "itemId": "apple-iphone-11-64gb-purple",
    "name": "Apple iPhone 11 64GB Purple",
    "fullPrice": 932,
    "price": 880,
    "screen": "6.1' IPS",
    "capacity": "64GB",
    "color": "purple",
    "ram": "4GB",
    "year": 2019,
    "image": "img/phones/apple-iphone-11/purple/00.webp"
  },
  {
    "id": 37,
    "category": "phones",
    "itemId": "apple-iphone-11-64gb-red",
    "name": "Apple iPhone 11 64GB Red",
    "fullPrice": 932,
    "price": 880,
    "screen": "6.1' IPS",
    "capacity": "64GB",
    "color": "red",
    "ram": "4GB",
    "year": 2019,
    "image": "img/phones/apple-iphone-11/red/00.webp"
  },
  {
    "id": 38,
    "category": "phones",
    "itemId": "apple-iphone-11-128gb-black",
    "name": "Apple iPhone 11 128GB Black",
    "fullPrice": 1100,
    "price": 1050,
    "screen": "6.1' IPS",
    "capacity": "128GB",
    "color": "black",
    "ram": "4GB",
    "year": 2019,
    "image": "img/phones/apple-iphone-11/black/00.webp"
  },
  {
    "id": 39,
    "category": "phones",
    "itemId": "apple-iphone-11-256gb-red",
    "name": "Apple iPhone 11 256GB Red",
    "fullPrice": 1172,
    "price": 1115,
    "screen": "6.1' IPS",
    "capacity": "256GB",
    "color": "red",
    "ram": "4GB",
    "year": 2019,
    "image": "img/phones/apple-iphone-11/red/00.webp"
  },
  {
    "id": 40,
    "category": "phones",
    "itemId": "apple-iphone-11-pro-64gb-midnightgreen",
    "name": "Apple iPhone 11 Pro 64GB Midnight green",
    "fullPrice": 1312,
    "price": 1270,
    "screen": "5.8' OLED",
    "capacity": "64GB",
    "color": "midnightgreen",
    "ram": "4GB",
    "year": 2019,
    "image": "img/phones/apple-iphone-11-pro/midnightgreen/00.webp"
  },
  {
    "id": 41,
    "category": "phones",
    "itemId": "apple-iphone-11-pro-256gb-silver",
    "name": "Apple iPhone 11 Pro 256GB Silver",
    "fullPrice": 1640,
    "price": 1570,
    "screen": "5.8' OLED",
    "capacity": "256GB",
    "color": "silver",
    "ram": "4GB",
    "year": 2019,
    "image": "img/phones/apple-iphone-11-pro/silver/00.webp"
  },
  {
    "id": 42,
    "category": "phones",
    "itemId": "apple-iphone-11-pro-512gb-gold",
    "name": "Apple iPhone 11 Pro 512GB Gold",
    "fullPrice": 1880,
    "price": 1780,
    "screen": "5.8' OLED",
    "capacity": "512GB",
    "color": "gold",
    "ram": "4GB",
    "year": 2019,
    "image": "img/phones/apple-iphone-11-pro/gold/00.webp"
  },
  {
    "id": 43,
    "category": "phones",
    "itemId": "apple-iphone-11-pro-max-64gb-midnightgreen",
    "name": "Apple iPhone 11 Pro Max 64GB Midnightgreen",
    "fullPrice": 1480,
    "price": 1400,
    "screen": "6.5' OLED",
    "capacity": "64GB",
    "color": "midnightgreen",
    "ram": "4GB",
    "year": 2019,
    "image": "img/phones/apple-iphone-11-pro-max/midnightgreen/00.webp"
  },
  {
    "id": 44,
    "category": "phones",
    "itemId": "apple-iphone-11-pro-max-256gb-spacegray",
    "name": "Apple iPhone 11 Pro Max 256GB Spacegray",
    "fullPrice": 1776,
    "price": 1680,
    "screen": "6.5' OLED",
    "capacity": "256GB",
    "color": "spacegray",
    "ram": "4GB",
    "year": 2019,
    "image": "img/phones/apple-iphone-11-pro-max/spacegray/00.webp"
  },
  {
    "id": 45,
    "category": "phones",
    "itemId": "apple-iphone-xr-64gb-coral",
    "name": "Apple iPhone XR 64GB Coral",
    "fullPrice": 712,
    "price": 670,
    "screen": "6.1' IPS",
    "capacity": "64GB",
    "color": "coral",
    "ram": "3GB",
    "year": 2018,
    "image": "img/phones/apple-iphone-xr/coral/00.webp"
  },
  {
    "id": 46,
    "category": "phones",
    "itemId": "apple-iphone-xr-128gb-red",
    "name": "Apple iPhone XR 128GB Red",
    "fullPrice": 880,
    "price": 815,
    "screen": "6.1' IPS",
    "capacity": "128GB",
    "color": "red",
    "ram": "3GB",
    "year": 2018,
    "image": "img/phones/apple-iphone-xr/red/00.webp"
  },
  {
    "id": 47,
    "category": "phones",
    "itemId": "apple-iphone-xs-256gb-gold",
    "name": "Apple iPhone XS 256GB Gold",
    "fullPrice": 960,
    "price": 900,
    "screen": "5.8' OLED",
    "capacity": "256GB",
    "color": "gold",
    "ram": "4GB",
    "year": 2018,
    "image": "img/phones/apple-iphone-xs/gold/00.webp"
  },
  {
    "id": 48,
    "category": "phones",
    "itemId": "apple-iphone-xs-max-64gb-spacegray",
    "name": "Apple iPhone XS Max 64GB Spacegray",
    "fullPrice": 960,
    "price": 900,
    "screen": "6.5' OLED",
    "capacity": "64GB",
    "color": "spacegray",
    "ram": "4GB",
    "year": 2018,
    "image": "img/phones/apple-iphone-xs-max/spacegray/00.webp"
  },
  {
    "id": 49,
    "category": "phones",
    "itemId": "apple-iphone-7-plus-32gb-rosegold",
    "name": "Apple iPhone 7 Plus 32GB Rosegold",
    "fullPrice": 540,
    "price": 500,
    "screen": "5.5' IPS",
    "capacity": "32GB",
    "color": "rosegold",
    "ram": "3GB",
    "year": 2016,
    "image": "img/phones/apple-iphone-7-plus/rosegold/00.webp"
  },
  {
    "id": 50,
    "category": "phones",
    "itemId": "apple-iphone-11-64gb-white",
    "name": "Apple iPhone 11 64GB White",
    "fullPrice": 932,
    "price": 880,
    "screen": "6.1' IPS",
    "capacity": "64GB",
    "color": "white",
    "ram": "4GB",
    "year": 2019,
    "image": "img/phones/apple-iphone-11/white/00.webp"
  },
  {
    "id": 51,
    "category": "phones",
    "itemId": "apple-iphone-11-128gb-green",
    "name": "Apple iPhone 11 128GB Green",
    "fullPrice": 1100,
    "price": 1050,
    "screen": "6.1' IPS",
    "capacity": "128GB",
    "color": "green",
    "ram": "4GB",
    "year": 2019,
    "image": "img/phones/apple-iphone-11/green/00.webp"
  },
  {
    "id": 52,
    "category": "phones",
    "itemId": "apple-iphone-11-128gb-white",
    "name": "Apple iPhone 11 128GB White",
    "fullPrice": 1100,
    "price": 1050,
    "screen": "6.1' IPS",
    "capacity": "128GB",
    "color": "white",
    "ram": "4GB",
    "year": 2019,
    "image": "img/phones/apple-iphone-11/white/00.webp"
  },
  {
    "id": 53,
    "category": "phones",
    "itemId": "apple-iphone-11-256gb-black",
    "name": "Apple iPhone 11 256GB Black",
    "fullPrice": 1172,
    "price": 1115,
    "screen": "6.1' IPS",
    "capacity": "256GB",
    "color": "black",
    "ram": "4GB",
    "year": 2019,
    "image": "img/phones/apple-iphone-11/black/00.webp"
  },
  {
    "id": 54,
    "category": "phones",
    "itemId": "apple-iphone-11-256gb-white",
    "name": "Apple iPhone 11 256GB White",
    "fullPrice": 1172,
    "price": 1115,
    "screen": "6.1' IPS",
    "capacity": "256GB",
    "color": "white",
    "ram": "4GB",
    "year": 2019,
    "image": "img/phones/apple-iphone-11/white/00.webp"
  },
  {
    "id": 55,
    "category": "phones",
    "itemId": "apple-iphone-11-pro-64gb-spacegray",
    "name": "Apple iPhone 11 Pro 64GB Spacegray",
    "fullPrice": 1312,
    "price": 1270,
    "screen": "5.8' OLED",
    "capacity": "64GB",
    "color": "spacegray",
    "ram": "4GB",
    "year": 2019,
    "image": "img/phones/apple-iphone-11-pro/spacegray/00.webp"
  },
  {
    "id": 56,
    "category": "phones",
    "itemId": "apple-iphone-11-pro-512gb-midnightgreen",
    "name": "Apple iPhone 11 Pro 512GB Midnight green",
    "fullPrice": 1880,
    "price": 1780,
    "screen": "5.8' OLED",
    "capacity": "512GB",
    "color": "midnightgreen",
    "ram": "4GB",
    "year": 2019,
    "image": "img/phones/apple-iphone-11-pro/midnightgreen/00.webp"
  },
  {
    "id": 57,
    "category": "phones",
    "itemId": "apple-iphone-11-pro-max-64gb-gold",
    "name": "Apple iPhone 11 Pro Max 64GB Gold",
    "fullPrice": 1480,
    "price": 1400,
    "screen": "6.5' OLED",
    "capacity": "64GB",
    "color": "gold",
    "ram": "4GB",
    "year": 2019,
    "image": "img/phones/apple-iphone-11-pro-max/gold/00.webp"
  },
  {
    "id": 58,
    "category": "phones",
    "itemId": "apple-iphone-11-pro-max-256gb-silver",
    "name": "Apple iPhone 11 Pro Max 256GB Silver",
    "fullPrice": 1776,
    "price": 1680,
    "screen": "6.5' OLED",
    "capacity": "256GB",
    "color": "silver",
    "ram": "4GB",
    "year": 2019,
    "image": "img/phones/apple-iphone-11-pro-max/silver/00.webp"
  },
  {
    "id": 59,
    "category": "phones",
    "itemId": "apple-iphone-11-pro-max-512gb-midnightgreen",
    "name": "Apple iPhone 11 Pro Max 512GB Midnightgreen",
    "fullPrice": 2020,
    "price": 1930,
    "screen": "6.5' OLED",
    "capacity": "512GB",
    "color": "midnightgreen",
    "ram": "4GB",
    "year": 2019,
    "image": "img/phones/apple-iphone-11-pro-max/midnightgreen/00.webp"
  },
  {
    "id": 60,
    "category": "phones",
    "itemId": "apple-iphone-xr-128gb-yellow",
    "name": "Apple iPhone XR 128GB Yellow",
    "fullPrice": 880,
    "price": 815,
    "screen": "6.1' IPS",
    "capacity": "128GB",
    "color": "yellow",
    "ram": "3GB",
    "year": 2018,
    "image": "img/phones/apple-iphone-xr/yellow/00.webp"
  },
  {
    "id": 61,
    "category": "phones",
    "itemId": "apple-iphone-7-32gb-silver",
    "name": "Apple iPhone 7 32GB Silver",
    "fullPrice": 400,
    "price": 375,
    "screen": "4.7' IPS",
    "capacity": "32GB",
    "color": "silver",
    "ram": "2GB",
    "year": 2016,
    "image": "img/phones/apple-iphone-7/silver/00.webp"
  },
  {
    "id": 62,
    "category": "phones",
    "itemId": "apple-iphone-11-256gb-purple",
    "name": "Apple iPhone 11 256GB Purple",
    "fullPrice": 1172,
    "price": 1115,
    "screen": "6.1' IPS",
    "capacity": "256GB",
    "color": "purple",
    "ram": "4GB",
    "year": 2019,
    "image": "img/phones/apple-iphone-11/purple/00.webp"
  },
  {
    "id": 63,
    "category": "phones",
    "itemId": "apple-iphone-11-pro-max-512gb-gold",
    "name": "Apple iPhone 11 Pro Max 512GB Gold",
    "fullPrice": 2020,
    "price": 1930,
    "screen": "6.5' OLED",
    "capacity": "512GB",
    "color": "gold",
    "ram": "4GB",
    "year": 2019,
    "image": "img/phones/apple-iphone-11-pro-max/gold/00.webp"
  },
  {
    "id": 64,
    "category": "phones",
    "itemId": "apple-iphone-11-64gb-yellow",
    "name": "Apple iPhone 11 64GB Yellow",
    "fullPrice": 932,
    "price": 880,
    "screen": "6.1' IPS",
    "capacity": "64GB",
    "color": "yellow",
    "ram": "4GB",
    "year": 2019,
    "image": "img/phones/apple-iphone-11/yellow/00.webp"
  },
  {
    "id": 65,
    "category": "phones",
    "itemId": "apple-iphone-11-pro-256gb-spacegray",
    "name": "Apple iPhone 11 Pro 256GB Spacegray",
    "fullPrice": 1640,
    "price": 1570,
    "screen": "5.8' OLED",
    "capacity": "256GB",
    "color": "spacegray",
    "ram": "4GB",
    "year": 2019,
    "image": "img/phones/apple-iphone-11-pro/spacegray/00.webp"
  },
  {
    "id": 66,
    "category": "phones",
    "itemId": "apple-iphone-8-64gb-silver",
    "name": "Apple iPhone 8 64GB Silver",
    "fullPrice": 600,
    "price": 550,
    "screen": "4.7' IPS",
    "capacity": "64GB",
    "color": "silver",
    "ram": "2GB",
    "year": 2017,
    "image": "img/phones/apple-iphone-8/silver/00.webp"
  },
  {
    "id": 67,
    "category": "phones",
    "itemId": "apple-iphone-11-128gb-red",
    "name": "Apple iPhone 11 128GB Red",
    "fullPrice": 1100,
    "price": 1050,
    "screen": "6.1' IPS",
    "capacity": "128GB",
    "color": "red",
    "ram": "4GB",
    "year": 2019,
    "image": "img/phones/apple-iphone-11/red/00.webp"
  },
  {
    "id": 68,
    "category": "phones",
    "itemId": "apple-iphone-xs-max-256gb-spacegray",
    "name": "Apple iPhone XS Max 256GB Spacegray",
    "fullPrice": 1080,
    "price": 1000,
    "screen": "6.5' OLED",
    "capacity": "256GB",
    "color": "spacegray",
    "ram": "4GB",
    "year": 2018,
    "image": "img/phones/apple-iphone-xs-max/spacegray/00.webp"
  },
  {
    "id": 69,
    "category": "phones",
    "itemId": "apple-iphone-7-plus-32gb-gold",
    "name": "Apple iPhone 7 Plus 32GB Gold",
    "fullPrice": 540,
    "price": 500,
    "screen": "5.5' IPS",
    "capacity": "32GB",
    "color": "gold",
    "ram": "3GB",
    "year": 2016,
    "image": "img/phones/apple-iphone-7-plus/gold/00.webp"
  },
  {
    "id": 70,
    "category": "phones",
    "itemId": "apple-iphone-11-pro-64gb-silver",
    "name": "Apple iPhone 11 Pro 64GB Silver",
    "fullPrice": 1312,
    "price": 1270,
    "screen": "5.8' OLED",
    "capacity": "64GB",
    "color": "silver",
    "ram": "4GB",
    "year": 2019,
    "image": "img/phones/apple-iphone-11-pro/silver/00.webp"
  },
  {
    "id": 71,
    "category": "phones",
    "itemId": "apple-iphone-xr-64gb-yellow",
    "name": "Apple iPhone XR 64GB Yellow",
    "fullPrice": 712,
    "price": 670,
    "screen": "6.1' IPS",
    "capacity": "64GB",
    "color": "yellow",
    "ram": "3GB",
    "year": 2018,
    "image": "img/phones/apple-iphone-xr/yellow/00.webp"
  },
  {
    "id": 72,
    "category": "phones",
    "itemId": "apple-iphone-14-128gb-midnight",
    "name": "Apple iPhone 14 128GB Midnight",
    "fullPrice": 1056,
    "price": 980,
    "screen": "6.1' IPS",
    "capacity": "32GB",
    "color": "midnight",
    "ram": "6GB",
    "year": 2022,
    "image": "img/phones/apple-iphone-14/midnight/00.webp"
  },
  {
    "id": 73,
    "category": "phones",
    "itemId": "apple-iphone-14-256gb-midnight",
    "name": "Apple iPhone 14 256GB Midnight",
    "fullPrice": 1200,
    "price": 1120,
    "screen": "6.1' IPS",
    "capacity": "256GB",
    "color": "midnight",
    "ram": "6GB",
    "year": 2022,
    "image": "img/phones/apple-iphone-14/midnight/00.webp"
  },
  {
    "id": 74,
    "category": "phones",
    "itemId": "apple-iphone-14-512gb-midnight",
    "name": "Apple iPhone 14 512GB Midnight",
    "fullPrice": 1500,
    "price": 1420,
    "screen": "6.1' IPS",
    "capacity": "512GB",
    "color": "midnight",
    "ram": "6GB",
    "year": 2022,
    "image": "img/phones/apple-iphone-14/midnight/00.webp"
  },
  {
    "id": 75,
    "category": "phones",
    "itemId": "apple-iphone-14-128gb-yellow",
    "name": "Apple iPhone 14 128GB Yellow",
    "fullPrice": 1056,
    "price": 980,
    "screen": "6.1' IPS",
    "capacity": "128GB",
    "color": "yellow",
    "ram": "6GB",
    "year": 2022,
    "image": "img/phones/apple-iphone-14/yellow/00.webp"
  },
  {
    "id": 76,
    "category": "phones",
    "itemId": "apple-iphone-14-256gb-yellow",
    "name": "Apple iPhone 14 256GB Yellow",
    "fullPrice": 1200,
    "price": 1120,
    "screen": "6.1' IPS",
    "capacity": "256GB",
    "color": "yellow",
    "ram": "6GB",
    "year": 2022,
    "image": "img/phones/apple-iphone-14/yellow/00.webp"
  },
  {
    "id": 77,
    "category": "phones",
    "itemId": "apple-iphone-14-512gb-yellow",
    "name": "Apple iPhone 14 512GB Yellow",
    "fullPrice": 1500,
    "price": 1420,
    "screen": "6.1' IPS",
    "capacity": "512GB",
    "color": "yellow",
    "ram": "6GB",
    "year": 2022,
    "image": "img/phones/apple-iphone-14/yellow/00.webp"
  },
  {
    "id": 78,
    "category": "phones",
    "itemId": "apple-iphone-14-128gb-purple",
    "name": "Apple iPhone 14 128GB Purple",
    "fullPrice": 1056,
    "price": 980,
    "screen": "6.1' IPS",
    "capacity": "128GB",
    "color": "purple",
    "ram": "6GB",
    "year": 2022,
    "image": "img/phones/apple-iphone-14/purple/00.webp"
  },
  {
    "id": 79,
    "category": "phones",
    "itemId": "apple-iphone-14-256gb-purple",
    "name": "Apple iPhone 14 256GB Purple",
    "fullPrice": 1200,
    "price": 1120,
    "screen": "6.1' IPS",
    "capacity": "256GB",
    "color": "purple",
    "ram": "6GB",
    "year": 2022,
    "image": "img/phones/apple-iphone-14/purple/00.webp"
  },
  {
    "id": 80,
    "category": "phones",
    "itemId": "apple-iphone-14-512gb-purple",
    "name": "Apple iPhone 14 512GB Purple",
    "fullPrice": 1500,
    "price": 1420,
    "screen": "6.1' IPS",
    "capacity": "512GB",
    "color": "purple",
    "ram": "6GB",
    "year": 2022,
    "image": "img/phones/apple-iphone-14/purple/00.webp"
  },
  {
    "id": 81,
    "category": "phones",
    "itemId": "apple-iphone-14-pro-128gb-spaceblack",
    "name": "Apple iPhone 14 Pro 128GB Space Black",
    "fullPrice": 1156,
    "price": 1068,
    "screen": "6.1' OLED",
    "capacity": "128GB",
    "color": "spaceblack",
    "ram": "6GB",
    "year": 2022,
    "image": "img/phones/apple-iphone-14-pro/spaceblack/00.webp"
  },
  {
    "id": 82,
    "category": "phones",
    "itemId": "apple-iphone-14-pro-256gb-spaceblack",
    "name": "Apple iPhone 14 Pro 256GB Space Black",
    "fullPrice": 1300,
    "price": 1220,
    "screen": "6.1' OLED",
    "capacity": "256GB",
    "color": "spaceblack",
    "ram": "6GB",
    "year": 2022,
    "image": "img/phones/apple-iphone-14-pro/spaceblack/00.webp"
  },
  {
    "id": 83,
    "category": "phones",
    "itemId": "apple-iphone-14-pro-512gb-spaceblack",
    "name": "Apple iPhone 14 Pro 512GB Space Black",
    "fullPrice": 1600,
    "price": 1530,
    "screen": "6.1' OLED",
    "capacity": "512GB",
    "color": "spaceblack",
    "ram": "6GB",
    "year": 2022,
    "image": "img/phones/apple-iphone-14-pro/spaceblack/00.webp"
  },
  {
    "id": 84,
    "category": "phones",
    "itemId": "apple-iphone-14-pro-1tb-spaceblack",
    "name": "Apple iPhone 14 Pro 1TB Space Black",
    "fullPrice": 1740,
    "price": 1520,
    "screen": "6.1' OLED",
    "capacity": "1TB",
    "color": "spaceblack",
    "ram": "6GB",
    "year": 2022,
    "image": "img/phones/apple-iphone-14-pro/spaceblack/00.webp"
  },
  {
    "id": 85,
    "category": "phones",
    "itemId": "apple-iphone-12-64gb-purple",
    "name": "Apple iPhone 12 64GB Purple",
    "fullPrice": 810,
    "price": 740,
    "screen": "6.1' OLED",
    "capacity": "64GB",
    "color": "purple",
    "ram": "4GB",
    "year": 2020,
    "image": "img/phones/apple-iphone-12/purple/00.webp"
  },
  {
    "id": 86,
    "category": "phones",
    "itemId": "apple-iphone-12-128gb-purple",
    "name": "Apple iPhone 12 128GB Purple",
    "fullPrice": 880,
    "price": 800,
    "screen": "6.1' OLED",
    "capacity": "128GB",
    "color": "purple",
    "ram": "4GB",
    "year": 2020,
    "image": "img/phones/apple-iphone-12/purple/00.webp"
  },
  {
    "id": 87,
    "category": "phones",
    "itemId": "apple-iphone-12-256gb-purple",
    "name": "Apple iPhone 12 256GB Purple",
    "fullPrice": 1020,
    "price": 940,
    "screen": "6.1' OLED",
    "capacity": "256GB",
    "color": "purple",
    "ram": "4GB",
    "year": 2020,
    "image": "img/phones/apple-iphone-12/purple/00.webp"
  },
  {
    "id": 88,
    "category": "phones",
    "itemId": "apple-iphone-12-64gb-white",
    "name": "Apple iPhone 12 64GB White",
    "fullPrice": 810,
    "price": 740,
    "screen": "6.1' OLED",
    "capacity": "64GB",
    "color": "white",
    "ram": "4GB",
    "year": 2020,
    "image": "img/phones/apple-iphone-12/white/00.webp"
  },
  {
    "id": 89,
    "category": "phones",
    "itemId": "apple-iphone-12-128gb-white",
    "name": "Apple iPhone 12 128GB White",
    "fullPrice": 880,
    "price": 800,
    "screen": "6.1' OLED",
    "capacity": "128GB",
    "color": "white",
    "ram": "4GB",
    "year": 2020,
    "image": "img/phones/apple-iphone-12/white/00.webp"
  },
  {
    "id": 90,
    "category": "phones",
    "itemId": "apple-iphone-12-256gb-white",
    "name": "Apple iPhone 12 256GB White",
    "fullPrice": 1020,
    "price": 940,
    "screen": "6.1' OLED",
    "capacity": "256GB",
    "color": "white",
    "ram": "4GB",
    "year": 2020,
    "image": "img/phones/apple-iphone-12/white/00.webp"
  },
  {
    "id": 91,
    "category": "phones",
    "itemId": "apple-iphone-12-64gb-red",
    "name": "Apple iPhone 12 64GB Red",
    "fullPrice": 810,
    "price": 740,
    "screen": "6.1' OLED",
    "capacity": "64GB",
    "color": "red",
    "ram": "4GB",
    "year": 2020,
    "image": "img/phones/apple-iphone-12/red/00.webp"
  },
  {
    "id": 92,
    "category": "phones",
    "itemId": "apple-iphone-12-128gb-red",
    "name": "Apple iPhone 12 128GB Red",
    "fullPrice": 880,
    "price": 800,
    "screen": "6.1' OLED",
    "capacity": "128GB",
    "color": "red",
    "ram": "4GB",
    "year": 2020,
    "image": "img/phones/apple-iphone-12/red/00.webp"
  },
  {
    "id": 93,
    "category": "phones",
    "itemId": "apple-iphone-12-256gb-red",
    "name": "Apple iPhone 12 256GB Red",
    "fullPrice": 1020,
    "price": 940,
    "screen": "6.1' OLED",
    "capacity": "256GB",
    "color": "red",
    "ram": "4GB",
    "year": 2020,
    "image": "img/phones/apple-iphone-12/red/00.webp"
  },
  {
    "id": 94,
    "category": "phones",
    "itemId": "apple-iphone-12-64gb-black",
    "name": "Apple iPhone 12 64GB Black",
    "fullPrice": 810,
    "price": 740,
    "screen": "6.1' OLED",
    "capacity": "64GB",
    "color": "black",
    "ram": "4GB",
    "year": 2020,
    "image": "img/phones/apple-iphone-12/black/00.webp"
  },
  {
    "id": 95,
    "category": "phones",
    "itemId": "apple-iphone-12-128gb-black",
    "name": "Apple iPhone 12 128GB Black",
    "fullPrice": 880,
    "price": 800,
    "screen": "6.1' OLED",
    "capacity": "128GB",
    "color": "black",
    "ram": "4GB",
    "year": 2020,
    "image": "img/phones/apple-iphone-12/black/00.webp"
  },
  {
    "id": 96,
    "category": "phones",
    "itemId": "apple-iphone-12-256gb-black",
    "name": "Apple iPhone 12 256GB Black",
    "fullPrice": 1020,
    "price": 940,
    "screen": "6.1' OLED",
    "capacity": "256GB",
    "color": "black",
    "ram": "4GB",
    "year": 2020,
    "image": "img/phones/apple-iphone-12/black/00.webp"
  },
  {
    "id": 97,
    "category": "phones",
    "itemId": "apple-iphone-13-mini-64gb-blue",
    "name": "Apple iPhone 13 Pro 64GB Blue",
    "fullPrice": 890,
    "price": 760,
    "screen": "6.1' OLED",
    "capacity": "64GB",
    "color": "blue",
    "ram": "4GB",
    "year": 2020,
    "image": "img/phones/apple-iphone-13-mini/blue/00.webp"
  },
  {
    "id": 98,
    "category": "phones",
    "itemId": "apple-iphone-13-mini-128gb-blue",
    "name": "Apple iPhone 13 Mini 128GB Blue",
    "fullPrice": 900,
    "price": 820,
    "screen": "6.1' OLED",
    "capacity": "128GB",
    "color": "blue",
    "ram": "4GB",
    "year": 2020,
    "image": "img/phones/apple-iphone-13-mini/blue/00.webp"
  },
  {
    "id": 99,
    "category": "phones",
    "itemId": "apple-iphone-13-mini-256gb-blue",
    "name": "Apple iPhone 13 Mini 256GB Blue",
    "fullPrice": 1120,
    "price": 1040,
    "screen": "6.1' OLED",
    "capacity": "256GB",
    "color": "blue",
    "ram": "4GB",
    "year": 2020,
    "image": "img/phones/apple-iphone-13-mini/blue/00.webp"
  },
  {
    "id": 100,
    "category": "phones",
    "itemId": "apple-iphone-13-mini-64gb-white",
    "name": "Apple iPhone 13 Pro 64GB White",
    "fullPrice": 890,
    "price": 760,
    "screen": "6.1' OLED",
    "capacity": "64GB",
    "color": "white",
    "ram": "4GB",
    "year": 2020,
    "image": "img/phones/apple-iphone-13-mini/white/00.webp"
  },
  {
    "id": 101,
    "category": "phones",
    "itemId": "apple-iphone-13-mini-128gb-white",
    "name": "Apple iPhone 13 Pro 128GB White",
    "fullPrice": 900,
    "price": 820,
    "screen": "6.1' OLED",
    "capacity": "128GB",
    "color": "white",
    "ram": "4GB",
    "year": 2020,
    "image": "img/phones/apple-iphone-13-mini/white/00.webp"
  },
  {
    "id": 102,
    "category": "phones",
    "itemId": "apple-iphone-13-mini-256gb-white",
    "name": "Apple iPhone 13 Pro 256GB White",
    "fullPrice": 1120,
    "price": 1040,
    "screen": "6.1' OLED",
    "capacity": "256GB",
    "color": "white",
    "ram": "4GB",
    "year": 2020,
    "image": "img/phones/apple-iphone-13-mini/white/00.webp"
  },
  {
    "id": 103,
    "category": "phones",
    "itemId": "apple-iphone-13-mini-64gb-pink",
    "name": "Apple iPhone 13 Pro 64GB Pink",
    "fullPrice": 890,
    "price": 760,
    "screen": "6.1' OLED",
    "capacity": "64GB",
    "color": "pink",
    "ram": "4GB",
    "year": 2020,
    "image": "img/phones/apple-iphone-13-mini/pink/00.webp"
  },
  {
    "id": 104,
    "category": "phones",
    "itemId": "apple-iphone-13-mini-128gb-pink",
    "name": "Apple iPhone 13 Pro 128GB Pink",
    "fullPrice": 900,
    "price": 820,
    "screen": "6.1' OLED",
    "capacity": "128GB",
    "color": "pink",
    "ram": "4GB",
    "year": 2020,
    "image": "img/phones/apple-iphone-13-mini/pink/00.webp"
  },
  {
    "id": 105,
    "category": "phones",
    "itemId": "apple-iphone-13-mini-256gb-pink",
    "name": "Apple iPhone 13 Pro 256GB Pink",
    "fullPrice": 1120,
    "price": 1040,
    "screen": "6.1' OLED",
    "capacity": "256GB",
    "color": "pink",
    "ram": "4GB",
    "year": 2020,
    "image": "img/phones/apple-iphone-13-mini/pink/00.webp"
  },
  {
    "id": 106,
    "category": "phones",
    "itemId": "apple-iphone-13-mini-64gb-midnight",
    "name": "Apple iPhone 13 Pro 64GB Midnight",
    "fullPrice": 890,
    "price": 760,
    "screen": "6.1' OLED",
    "capacity": "64GB",
    "color": "midnight",
    "ram": "4GB",
    "year": 2020,
    "image": "img/phones/apple-iphone-13-mini/midnight/00.webp"
  },
  {
    "id": 107,
    "category": "phones",
    "itemId": "apple-iphone-13-mini-128gb-midnight",
    "name": "Apple iPhone 13 Pro 128GB Midnight",
    "fullPrice": 900,
    "price": 820,
    "screen": "6.1' OLED",
    "capacity": "128GB",
    "color": "midnight",
    "ram": "4GB",
    "year": 2020,
    "image": "img/phones/apple-iphone-13-mini/midnight/00.webp"
  },
  {
    "id": 108,
    "category": "phones",
    "itemId": "apple-iphone-13-mini-256gb-midnight",
    "name": "Apple iPhone 13 Pro 256GB Midnight",
    "fullPrice": 1120,
    "price": 1040,
    "screen": "6.1' OLED",
    "capacity": "256GB",
    "color": "midnight",
    "ram": "4GB",
    "year": 2020,
    "image": "img/phones/apple-iphone-13-mini/midnight/00.webp"
  },
  {
    "id": 109,
    "category": "phones",
    "itemId": "apple-iphone-13-pro-max-128gb-sierrablue",
    "name": "Apple iPhone 13 Pro Max 128GB Sierra Blue",
    "fullPrice": 1156,
    "price": 1068,
    "screen": "6.1' OLED",
    "capacity": "128GB",
    "color": "sierrablue",
    "ram": "6GB",
    "year": 2022,
    "image": "img/phones/apple-iphone-13-pro-max/sierrablue/00.webp"
  },
  {
    "id": 110,
    "category": "phones",
    "itemId": "apple-iphone-13-pro-max-256gb-sierrablue",
    "name": "Apple iPhone 13 Pro Max 256GB Sierra Blue",
    "fullPrice": 1300,
    "price": 1220,
    "screen": "6.1' OLED",
    "capacity": "256GB",
    "color": "sierrablue",
    "ram": "6GB",
    "year": 2022,
    "image": "img/phones/apple-iphone-13-pro-max/sierrablue/00.webp"
  },
  {
    "id": 111,
    "category": "phones",
    "itemId": "apple-iphone-13-pro-max-512gb-sierrablue",
    "name": "Apple iPhone 13 Pro Max 512GB Sierra Blue",
    "fullPrice": 1600,
    "price": 1530,
    "screen": "6.1' OLED",
    "capacity": "512GB",
    "color": "sierrablue",
    "ram": "6GB",
    "year": 2022,
    "image": "img/phones/apple-iphone-13-pro-max/sierrablue/00.webp"
  },
  {
    "id": 112,
    "category": "phones",
    "itemId": "apple-iphone-13-pro-max-1tb-sierrablue",
    "name": "Apple iPhone 13 Pro Max 1TB Sierra Blue",
    "fullPrice": 1740,
    "price": 1520,
    "screen": "6.1' OLED",
    "capacity": "1TB",
    "color": "sierrablue",
    "ram": "6GB",
    "year": 2022,
    "image": "img/phones/apple-iphone-13-pro-max/sierrablue/00.webp"
  },
  {
    "id": 113,
    "category": "phones",
    "itemId": "apple-iphone-13-pro-max-128gb-gold",
    "name": "Apple iPhone 13 Pro Max 128GB Gold",
    "fullPrice": 1156,
    "price": 1068,
    "screen": "6.1' OLED",
    "capacity": "128GB",
    "color": "gold",
    "ram": "6GB",
    "year": 2022,
    "image": "img/phones/apple-iphone-13-pro-max/gold/00.webp"
  },
  {
    "id": 114,
    "category": "phones",
    "itemId": "apple-iphone-13-pro-max-256gb-gold",
    "name": "Apple iPhone 13 Pro Max 256GB Gold",
    "fullPrice": 1300,
    "price": 1220,
    "screen": "6.1' OLED",
    "capacity": "256GB",
    "color": "gold",
    "ram": "6GB",
    "year": 2022,
    "image": "img/phones/apple-iphone-13-pro-max/gold/00.webp"
  },
  {
    "id": 115,
    "category": "phones",
    "itemId": "apple-iphone-13-pro-max-512gb-gold",
    "name": "Apple iPhone 13 Pro Max 512GB Gold",
    "fullPrice": 1600,
    "price": 1530,
    "screen": "6.1' OLED",
    "capacity": "512GB",
    "color": "gold",
    "ram": "6GB",
    "year": 2022,
    "image": "img/phones/apple-iphone-13-pro-max/gold/00.webp"
  },
  {
    "id": 116,
    "category": "phones",
    "itemId": "apple-iphone-13-pro-max-1tb-gold",
    "name": "Apple iPhone 13 Pro Max 1TB Gold",
    "fullPrice": 1740,
    "price": 1520,
    "screen": "6.1' OLED",
    "capacity": "1TB",
    "color": "gold",
    "ram": "6GB",
    "year": 2022,
    "image": "img/phones/apple-iphone-13-pro-max/gold/00.webp"
  },
  {
    "id": 117,
    "category": "phones",
    "itemId": "apple-iphone-13-pro-max-128gb-graphite",
    "name": "Apple iPhone 13 Pro Max 128GB Graphite",
    "fullPrice": 1156,
    "price": 1068,
    "screen": "6.1' OLED",
    "capacity": "128GB",
    "color": "graphite",
    "ram": "6GB",
    "year": 2022,
    "image": "img/phones/apple-iphone-13-pro-max/graphite/00.webp"
  },
  {
    "id": 118,
    "category": "phones",
    "itemId": "apple-iphone-13-pro-max-256gb-graphite",
    "name": "Apple iPhone 13 Pro Max 256GB Graphite",
    "fullPrice": 1300,
    "price": 1220,
    "screen": "6.1' OLED",
    "capacity": "256GB",
    "color": "graphite",
    "ram": "6GB",
    "year": 2022,
    "image": "img/phones/apple-iphone-13-pro-max/graphite/00.webp"
  },
  {
    "id": 119,
    "category": "phones",
    "itemId": "apple-iphone-13-pro-max-512gb-graphite",
    "name": "Apple iPhone 13 Pro Max 512GB Graphite",
    "fullPrice": 1600,
    "price": 1530,
    "screen": "6.1' OLED",
    "capacity": "512GB",
    "color": "graphite",
    "ram": "6GB",
    "year": 2022,
    "image": "img/phones/apple-iphone-13-pro-max/graphite/00.webp"
  },
  {
    "id": 120,
    "category": "phones",
    "itemId": "apple-iphone-13-pro-max-1tb-graphite",
    "name": "Apple iPhone 13 Pro Max 1TB Graphite",
    "fullPrice": 1740,
    "price": 1520,
    "screen": "6.1' OLED",
    "capacity": "1TB",
    "color": "graphite",
    "ram": "6GB",
    "year": 2022,
    "image": "img/phones/apple-iphone-13-pro-max/graphite/00.webp"
  },
  {
    "id": 121,
    "category": "accessories",
    "itemId": "apple-watch-series-3-38mm-space-gray",
    "name": "Apple Watch Series 3 38mm Space Gray",
    "fullPrice": 199,
    "price": 169,
    "screen": "1.3' OLED",
    "capacity": "38mm",
    "color": "space gray",
    "ram": "768MB",
    "year": 2017,
    "image": "img/accessories/apple-watch-series-3/space-gray/00.webp"
  },
  {
    "id": 122,
    "category": "accessories",
    "itemId": "apple-watch-series-3-42mm-space-gray",
    "name": "Apple Watch Series 3 42mm Space Gray",
    "fullPrice": 250,
    "price": 219,
    "screen": "1.3' OLED",
    "capacity": "42mm",
    "color": "space gray",
    "ram": "768MB",
    "year": 2017,
    "image": "img/accessories/apple-watch-series-3/space-gray/00.webp"
  },
  {
    "id": 123,
    "category": "accessories",
    "itemId": "apple-watch-series-3-38mm-gold",
    "name": "Apple Watch Series 3 38mm Gold",
    "fullPrice": 199,
    "price": 169,
    "screen": "1.3' OLED",
    "capacity": "38mm",
    "color": "gold",
    "ram": "768MB",
    "year": 2017,
    "image": "img/accessories/apple-watch-series-3/gold/00.webp"
  },
  {
    "id": 124,
    "category": "accessories",
    "itemId": "apple-watch-series-3-42mm-gold",
    "name": "Apple Watch Series 3 42mm Gold",
    "fullPrice": 250,
    "price": 219,
    "screen": "1.3' OLED",
    "capacity": "42mm",
    "color": "gold",
    "ram": "768MB",
    "year": 2017,
    "image": "img/accessories/apple-watch-series-3/gold/00.webp"
  },
  {
    "id": 125,
    "category": "accessories",
    "itemId": "apple-watch-series-3-38mm-silver",
    "name": "Apple Watch Series 3 38mm Silver",
    "fullPrice": 199,
    "price": 169,
    "screen": "1.3' OLED",
    "capacity": "38mm",
    "color": "silver",
    "ram": "768MB",
    "year": 2017,
    "image": "img/accessories/apple-watch-series-3/silver/00.webp"
  },
  {
    "id": 126,
    "category": "accessories",
    "itemId": "apple-watch-series-3-42mm-silver",
    "name": "Apple Watch Series 3 42mm Silver",
    "fullPrice": 250,
    "price": 219,
    "screen": "1.3' OLED",
    "capacity": "42mm",
    "color": "silver",
    "ram": "768MB",
    "year": 2017,
    "image": "img/accessories/apple-watch-series-3/silver/00.webp"
  },
  {
    "id": 127,
    "category": "accessories",
    "itemId": "apple-watch-series-6-40mm-space-gray",
    "name": "Apple Watch Series 6 40mm Space Gray",
    "fullPrice": 399,
    "price": 329,
    "screen": "1.57' OLED",
    "capacity": "40mm",
    "color": "space gray",
    "ram": "1GB",
    "year": 2020,
    "image": "img/accessories/apple-watch-series-6/space-gray/00.webp"
  },
  {
    "id": 128,
    "category": "accessories",
    "itemId": "apple-watch-series-6-44mm-space-gray",
    "name": "Apple Watch Series 6 44mm Space Gray",
    "fullPrice": 429,
    "price": 359,
    "screen": "1.57' OLED",
    "capacity": "44mm",
    "color": "space gray",
    "ram": "1GB",
    "year": 2020,
    "image": "img/accessories/apple-watch-series-6/space-gray/00.webp"
  },
  {
    "id": 129,
    "category": "accessories",
    "itemId": "apple-watch-series-6-40mm-silver",
    "name": "Apple Watch Series 6 40mm Silver",
    "fullPrice": 399,
    "price": 329,
    "screen": "1.57' OLED",
    "capacity": "40mm",
    "color": "silver",
    "ram": "1GB",
    "year": 2020,
    "image": "img/accessories/apple-watch-series-6/silver/00.webp"
  },
  {
    "id": 130,
    "category": "accessories",
    "itemId": "apple-watch-series-6-44mm-silver",
    "name": "Apple Watch Series 6 44mm Silver",
    "fullPrice": 429,
    "price": 359,
    "screen": "1.57' OLED",
    "capacity": "44mm",
    "color": "silver",
    "ram": "1GB",
    "year": 2020,
    "image": "img/accessories/apple-watch-series-6/silver/00.webp"
  },
  {
    "id": 131,
    "category": "accessories",
    "itemId": "apple-watch-series-6-40mm-gold",
    "name": "Apple Watch Series 6 40mm Gold",
    "fullPrice": 399,
    "price": 329,
    "screen": "1.57' OLED",
    "capacity": "40mm",
    "color": "gold",
    "ram": "1GB",
    "year": 2020,
    "image": "img/accessories/apple-watch-series-6/gold/00.webp"
  },
  {
    "id": 132,
    "category": "accessories",
    "itemId": "apple-watch-series-6-44mm-gold",
    "name": "Apple Watch Series 6 44mm Gold",
    "fullPrice": 429,
    "price": 359,
    "screen": "1.57' OLED",
    "capacity": "44mm",
    "color": "gold",
    "ram": "1GB",
    "year": 2020,
    "image": "img/accessories/apple-watch-series-6/gold/00.webp"
  },
  {
    "id": 133,
    "category": "accessories",
    "itemId": "apple-watch-series-6-40mm-blue",
    "name": "Apple Watch Series 6 40mm Blue",
    "fullPrice": 399,
    "price": 329,
    "screen": "1.57' OLED",
    "capacity": "40mm",
    "color": "blue",
    "ram": "1GB",
    "year": 2020,
    "image": "img/accessories/apple-watch-series-6/blue/00.webp"
  },
  {
    "id": 134,
    "category": "accessories",
    "itemId": "apple-watch-series-6-44mm-blue",
    "name": "Apple Watch Series 6 44mm Blue",
    "fullPrice": 429,
    "price": 359,
    "screen": "1.57' OLED",
    "capacity": "44mm",
    "color": "blue",
    "ram": "1GB",
    "year": 2020,
    "image": "img/accessories/apple-watch-series-6/blue/00.webp"
  },
  {
    "id": 135,
    "category": "accessories",
    "itemId": "apple-watch-series-6-40mm-red",
    "name": "Apple Watch Series 6 40mm Red",
    "fullPrice": 399,
    "price": 329,
    "screen": "1.57' OLED",
    "capacity": "40mm",
    "color": "red",
    "ram": "1GB",
    "year": 2020,
    "image": "img/accessories/apple-watch-series-6/red/00.webp"
  },
  {
    "id": 136,
    "category": "accessories",
    "itemId": "apple-watch-series-6-44mm-red",
    "name": "Apple Watch Series 6 44mm Red",
    "fullPrice": 429,
    "price": 359,
    "screen": "1.57' OLED",
    "capacity": "44mm",
    "color": "red",
    "ram": "1GB",
    "year": 2020,
    "image": "img/accessories/apple-watch-series-6/red/00.webp"
  },
  {
    "id": 137,
    "category": "accessories",
    "itemId": "apple-watch-series-5-40mm-silver",
    "name": "Apple Watch Series 5 40mm Silver",
    "fullPrice": 399,
    "price": 299,
    "screen": "1.57' OLED",
    "capacity": "40mm",
    "color": "silver",
    "ram": "1GB",
    "year": 2019,
    "image": "img/accessories/apple-watch-series-5/silver/00.webp"
  },
  {
    "id": 138,
    "category": "accessories",
    "itemId": "apple-watch-series-5-44mm-silver",
    "name": "Apple Watch Series 5 44mm Silver",
    "fullPrice": 429,
    "price": 399,
    "screen": "1.78' LTPO OLED",
    "capacity": "44mm",
    "color": "silver",
    "ram": "1GB",
    "year": 2019,
    "image": "img/accessories/apple-watch-series-5/silver/00.webp"
  },
  {
    "id": 139,
    "category": "accessories",
    "itemId": "apple-watch-series-5-40mm-gold",
    "name": "Apple Watch Series 5 40mm Gold",
    "fullPrice": 399,
    "price": 299,
    "screen": "1.57' OLED",
    "capacity": "40mm",
    "color": "gold",
    "ram": "1GB",
    "year": 2019,
    "image": "img/accessories/apple-watch-series-5/gold/00.webp"
  },
  {
    "id": 140,
    "category": "accessories",
    "itemId": "apple-watch-series-5-44mm-gold",
    "name": "Apple Watch Series 5 44mm Gold",
    "fullPrice": 429,
    "price": 399,
    "screen": "1.78' LTPO OLED",
    "capacity": "44mm",
    "color": "gold",
    "ram": "1GB",
    "year": 2019,
    "image": "img/accessories/apple-watch-series-5/gold/00.webp"
  },
  {
    "id": 141,
    "category": "accessories",
    "itemId": "apple-watch-series-5-40mm-space-gray",
    "name": "Apple Watch Series 5 40mm Space Gray",
    "fullPrice": 399,
    "price": 299,
    "screen": "1.57' OLED",
    "capacity": "40mm",
    "color": "space-gray",
    "ram": "1GB",
    "year": 2019,
    "image": "img/accessories/apple-watch-series-5/space-gray/00.webp"
  },
  {
    "id": 142,
    "category": "accessories",
    "itemId": "apple-watch-series-5-44mm-space-gray",
    "name": "Apple Watch Series 5 44mm Space Gray",
    "fullPrice": 429,
    "price": 399,
    "screen": "1.78' LTPO OLED",
    "capacity": "44mm",
    "color": "space-gray",
    "ram": "1GB",
    "year": 2019,
    "image": "img/accessories/apple-watch-series-5/space-gray/00.webp"
  },
  {
    "id": 143,
    "category": "accessories",
    "itemId": "apple-watch-series-4-40mm-silver",
    "name": "Apple Watch Series 4 40mm Silver",
    "fullPrice": 399,
    "price": 349,
    "screen": "1.57' OLED",
    "capacity": "40mm",
    "color": "silver",
    "ram": "0.75GB",
    "year": 2019,
    "image": "img/accessories/apple-watch-series-4/silver/00.webp"
  },
  {
    "id": 144,
    "category": "accessories",
    "itemId": "apple-watch-series-4-44mm-silver",
    "name": "Apple Watch Series 4 44mm Silver",
    "fullPrice": 429,
    "price": 379,
    "screen": "1.78' OLED",
    "capacity": "44mm",
    "color": "silver",
    "ram": "0.75GB",
    "year": 2019,
    "image": "img/accessories/apple-watch-series-4/silver/00.webp"
  },
  {
    "id": 145,
    "category": "accessories",
    "itemId": "apple-watch-series-4-40mm-gold",
    "name": "Apple Watch Series 4 40mm Gold",
    "fullPrice": 399,
    "price": 349,
    "screen": "1.57' OLED",
    "capacity": "40mm",
    "color": "gold",
    "ram": "0.75GB",
    "year": 2019,
    "image": "img/accessories/apple-watch-series-4/gold/00.webp"
  },
  {
    "id": 146,
    "category": "accessories",
    "itemId": "apple-watch-series-4-44mm-gold",
    "name": "Apple Watch Series 4 44mm Gold",
    "fullPrice": 429,
    "price": 379,
    "screen": "1.78' OLED",
    "capacity": "44mm",
    "color": "gold",
    "ram": "0.75GB",
    "year": 2019,
    "image": "img/accessories/apple-watch-series-4/gold/00.webp"
  },
  {
    "id": 147,
    "category": "accessories",
    "itemId": "apple-watch-series-4-40mm-space-gray",
    "name": "Apple Watch Series 4 40mm Space Gray",
    "fullPrice": 399,
    "price": 349,
    "screen": "1.57' OLED",
    "capacity": "40mm",
    "color": "space-gray",
    "ram": "0.75GB",
    "year": 2019,
    "image": "img/accessories/apple-watch-series-4/space-gray/00.webp"
  },
  {
    "id": 148,
    "category": "accessories",
    "itemId": "apple-watch-series-4-44mm-space-gray",
    "name": "Apple Watch Series 4 44mm Space Gray",
    "fullPrice": 429,
    "price": 379,
    "screen": "1.78' OLED",
    "capacity": "44mm",
    "color": "space-gray",
    "ram": "0.75GB",
    "year": 2019,
    "image": "img/accessories/apple-watch-series-4/space-gray/00.webp"
  },
  {
    "id": 149,
    "category": "accessories",
    "itemId": "apple-watch-se-40mm-silver",
    "name": "Apple Watch SE 40mm Silver",
    "fullPrice": 279,
    "price": 249,
    "screen": "1.57' OLED",
    "capacity": "40mm",
    "color": "silver",
    "ram": "1GB",
    "year": 2020,
    "image": "img/accessories/apple-watch-se/silver/00.webp"
  },
  {
    "id": 150,
    "category": "accessories",
    "itemId": "apple-watch-se-44mm-silver",
    "name": "Apple Watch SE 44mm Silver",
    "fullPrice": 309,
    "price": 279,
    "screen": "1.78' OLED",
    "capacity": "44mm",
    "color": "silver",
    "ram": "1GB",
    "year": 2020,
    "image": "img/accessories/apple-watch-se/silver/00.webp"
  },
  {
    "id": 151,
    "category": "accessories",
    "itemId": "apple-watch-se-40mm-gold",
    "name": "Apple Watch SE 40mm Gold",
    "fullPrice": 279,
    "price": 259,
    "screen": "1.57' OLED",
    "capacity": "40mm",
    "color": "gold",
    "ram": "1GB",
    "year": 2020,
    "image": "img/accessories/apple-watch-se/gold/00.webp"
  },
  {
    "id": 152,
    "category": "accessories",
    "itemId": "apple-watch-se-44mm-gold",
    "name": "Apple Watch SE 44mm Gold",
    "fullPrice": 309,
    "price": 289,
    "screen": "1.78' OLED",
    "capacity": "44mm",
    "color": "gold",
    "ram": "1GB",
    "year": 2020,
    "image": "img/accessories/apple-watch-se/gold/00.webp"
  },
  {
    "id": 153,
    "category": "accessories",
    "itemId": "apple-watch-se-40mm-space-gray",
    "name": "Apple Watch SE 40mm Space Gray",
    "fullPrice": 279,
    "price": 259,
    "screen": "1.57' OLED",
    "capacity": "40mm",
    "color": "space gray",
    "ram": "1GB",
    "year": 2020,
    "image": "img/accessories/apple-watch-se/space-gray/00.webp"
  },
  {
    "id": 154,
    "category": "accessories",
    "itemId": "apple-watch-se-44mm-space-gray",
    "name": "Apple Watch SE 44mm Space Gray",
    "fullPrice": 309,
    "price": 289,
    "screen": "1.78' OLED",
    "capacity": "44mm",
    "color": "space gray",
    "ram": "1GB",
    "year": 2020,
    "image": "img/accessories/apple-watch-se/space-gray/00.webp"
  },
  {
    "id": 155,
    "category": "tablets",
    "itemId": "apple-ipad-pro-11-2021-128gb-spacegray",
    "name": "Apple iPad Pro 11 (2021) 128GB Space Gray",
    "capacity": "128GB",
    "fullPrice": 799,
    "price": 749,
    "color": "spacegray",
    "image": "img/tablets/apple-ipad-pro-11-2021/spacegray/00.webp",
    "screen": "11' Liquid Retina",
    "ram": "8GB",
    "year": 2021
  },
  {
    "id": 156,
    "category": "tablets",
    "itemId": "apple-ipad-pro-11-2021-128gb-silver",
    "name": "Apple iPad Pro 11 (2021) 128GB Silver",
    "capacity": "128GB",
    "fullPrice": 799,
    "price": 749,
    "color": "spacegray",
    "image": "img/tablets/apple-ipad-pro-11-2021/silver/00.webp",
    "screen": "11' Liquid Retina",
    "ram": "8GB",
    "year": 2021
  },
  {
    "id": 157,
    "category": "tablets",
    "itemId": "apple-ipad-pro-11-2021-256gb-spacegray",
    "name": "Apple iPad Pro 11 (2021) 256GB Space Gray",
    "capacity": "256GB",
    "fullPrice": 829,
    "price": 799,
    "color": "spacegray",
    "image": "img/tablets/apple-ipad-pro-11-2021/spacegray/00.webp",
    "screen": "11' Liquid Retina",
    "ram": "8GB",
    "year": 2021
  },
  {
    "id": 158,
    "category": "tablets",
    "itemId": "apple-ipad-pro-11-2021-256gb-silver",
    "name": "Apple iPad Pro 11 (2021) 256GB Silver",
    "capacity": "256GB",
    "fullPrice": 829,
    "price": 799,
    "color": "spacegray",
    "image": "img/tablets/apple-ipad-pro-11-2021/silver/00.webp",
    "screen": "11' Liquid Retina",
    "ram": "8GB",
    "year": 2021
  },
  {
    "id": 159,
    "category": "tablets",
    "itemId": "apple-ipad-pro-11-2021-512gb-spacegray",
    "name": "Apple iPad Pro 11 (2021) 512GB Space Gray",
    "capacity": "512GB",
    "fullPrice": 869,
    "price": 819,
    "color": "spacegray",
    "image": "img/tablets/apple-ipad-pro-11-2021/spacegray/00.webp",
    "screen": "11' Liquid Retina",
    "ram": "8GB",
    "year": 2021
  },
  {
    "id": 160,
    "category": "tablets",
    "itemId": "apple-ipad-pro-11-2021-512gb-silver",
    "name": "Apple iPad Pro 11 (2021) 512GB Silver",
    "capacity": "512GB",
    "fullPrice": 869,
    "price": 819,
    "color": "silver",
    "image": "img/tablets/apple-ipad-pro-11-2021/silver/00.webp",
    "screen": "11' Liquid Retina",
    "ram": "8GB",
    "year": 2021
  },
  {
    "id": 161,
    "category": "tablets",
    "itemId": "apple-ipad-pro-11-2021-1tb-spacegray",
    "name": "Apple iPad Pro 11 (2021) 1TB Space Gray",
    "capacity": "1TB",
    "fullPrice": 899,
    "price": 879,
    "color": "spacegray",
    "image": "img/tablets/apple-ipad-pro-11-2021/spacegray/00.webp",
    "screen": "11' Liquid Retina",
    "ram": "8GB",
    "year": 2021
  },
  {
    "id": 162,
    "category": "tablets",
    "itemId": "apple-ipad-pro-11-2021-1tb-silver",
    "name": "Apple iPad Pro 11 (2021) 1TB Silver",
    "capacity": "1TB",
    "fullPrice": 899,
    "price": 879,
    "color": "silver",
    "image": "img/tablets/apple-ipad-pro-11-2021/silver/00.webp",
    "screen": "11' Liquid Retina",
    "ram": "8GB",
    "year": 2021
  },
  {
    "id": 163,
    "category": "tablets",
    "itemId": "apple-ipad-pro-11-2021-2tb-spacegray",
    "name": "Apple iPad Pro 11 (2021) 2TB Space Gray",
    "capacity": "2TB",
    "fullPrice": 999,
    "price": 939,
    "color": "spacegray",
    "image": "img/tablets/apple-ipad-pro-11-2021/spacegray/00.webp",
    "screen": "11' Liquid Retina",
    "ram": "8GB",
    "year": 2021
  },
  {
    "id": 164,
    "category": "tablets",
    "itemId": "apple-ipad-pro-11-2021-2tb-silver",
    "name": "Apple iPad Pro 11 (2021) 2TB Silver",
    "capacity": "2TB",
    "fullPrice": 999,
    "price": 939,
    "color": "silver",
    "image": "img/tablets/apple-ipad-pro-11-2021/silver/00.webp",
    "screen": "11' Liquid Retina",
    "ram": "8GB",
    "year": 2021
  },
  {
    "id": 165,
    "category": "tablets",
    "itemId": "apple-ipad-air-4th-gen-256gb-rose-gold",
    "name": "Apple iPad Air (4th Gen) 256GB Rose Gold",
    "capacity": "256GB",
    "fullPrice": 749,
    "price": 699,
    "color": "rose gold",
    "image": "img/tablets/apple-ipad-air-4th-gen/rose-gold/00.webp",
    "screen": "10.9' Liquid Retina",
    "ram": "4GB",
    "year": 2020
  },
  {
    "id": 166,
    "category": "tablets",
    "itemId": "apple-ipad-air-4th-gen-64gb-rose-gold",
    "name": "Apple iPad Air (4th Gen) 64GB Rose Gold",
    "capacity": "64GB",
    "fullPrice": 599,
    "price": 549,
    "color": "rose gold",
    "image": "img/tablets/apple-ipad-air-4th-gen/rose-gold/00.webp",
    "screen": "10.9' Liquid Retina",
    "ram": "4GB",
    "year": 2020
  },
  {
    "id": 167,
    "category": "tablets",
    "itemId": "apple-ipad-air-4th-gen-256gb-silver",
    "name": "Apple iPad Air (4th Gen) 256GB Silver",
    "capacity": "256GB",
    "fullPrice": 749,
    "price": 699,
    "color": "silver",
    "image": "img/tablets/apple-ipad-air-4th-gen/silver/00.webp",
    "screen": "10.9' Liquid Retina",
    "ram": "4GB",
    "year": 2020
  },
  {
    "id": 168,
    "category": "tablets",
    "itemId": "apple-ipad-air-4th-gen-64gb-silver",
    "name": "Apple iPad Air (4th Gen) 64GB Silver",
    "capacity": "64GB",
    "fullPrice": 599,
    "price": 549,
    "color": "silver",
    "image": "img/tablets/apple-ipad-air-4th-gen/silver/00.webp",
    "screen": "10.9' Liquid Retina",
    "ram": "4GB",
    "year": 2020
  },
  {
    "id": 169,
    "category": "tablets",
    "itemId": "apple-ipad-air-4th-gen-256gb-green",
    "name": "Apple iPad Air (4th Gen) 256GB Green",
    "capacity": "256GB",
    "fullPrice": 749,
    "price": 699,
    "color": "green",
    "image": "img/tablets/apple-ipad-air-4th-gen/green/00.webp",
    "screen": "10.9' Liquid Retina",
    "ram": "4GB",
    "year": 2020
  },
  {
    "id": 170,
    "category": "tablets",
    "itemId": "apple-ipad-air-4th-gen-64gb-green",
    "name": "Apple iPad Air (4th Gen) 64GB Green",
    "capacity": "64GB",
    "fullPrice": 599,
    "price": 549,
    "color": "green",
    "image": "img/tablets/apple-ipad-air-4th-gen/green/00.webp",
    "screen": "10.9' Liquid Retina",
    "ram": "4GB",
    "year": 2020
  },
  {
    "id": 171,
    "category": "tablets",
    "itemId": "apple-ipad-air-4th-gen-256gb-sky-blue",
    "name": "Apple iPad Air (4th Gen) 256GB Sky Blue",
    "capacity": "256GB",
    "fullPrice": 749,
    "price": 699,
    "color": "sky-blue",
    "image": "img/tablets/apple-ipad-air-4th-gen/sky-blue/00.webp",
    "screen": "10.9' Liquid Retina",
    "ram": "4GB",
    "year": 2020
  },
  {
    "id": 172,
    "category": "tablets",
    "itemId": "apple-ipad-air-4th-gen-64gb-sky-blue",
    "name": "Apple iPad Air (4th Gen) 64GB Sky Blue",
    "capacity": "64GB",
    "fullPrice": 599,
    "price": 549,
    "color": "sky-blue",
    "image": "img/tablets/apple-ipad-air-4th-gen/sky-blue/00.webp",
    "screen": "10.9' Liquid Retina",
    "ram": "4GB",
    "year": 2020
  },
  {
    "id": 173,
    "category": "tablets",
    "itemId": "apple-ipad-mini-6th-gen-256gb-spacegray",
    "name": "Apple iPad Mini (6th Gen) 256GB Space Gray",
    "capacity": "256GB",
    "fullPrice": 649,
    "price": 599,
    "color": "spacegray",
    "image": "img/tablets/apple-ipad-mini-6th-gen/spacegray/00.webp",
    "screen": "8.3' Liquid Retina",
    "ram": "4GB",
    "year": 2021
  },
  {
    "id": 174,
    "category": "tablets",
    "itemId": "apple-ipad-mini-6th-gen-64gb-spacegray",
    "name": "Apple iPad Mini (6th Gen) 64GB Space Gray",
    "capacity": "64GB",
    "fullPrice": 499,
    "price": 469,
    "color": "spacegray",
    "image": "img/tablets/apple-ipad-mini-6th-gen/spacegray/00.webp",
    "screen": "8.3' Liquid Retina",
    "ram": "4GB",
    "year": 2021
  },
  {
    "id": 175,
    "category": "tablets",
    "itemId": "apple-ipad-mini-6th-gen-256gb-starlight",
    "name": "Apple iPad Mini (6th Gen) 256GB Starlight",
    "capacity": "256GB",
    "fullPrice": 649,
    "price": 599,
    "color": "starlight",
    "image": "img/tablets/apple-ipad-mini-6th-gen/starlight/00.webp",
    "screen": "8.3' Liquid Retina",
    "ram": "4GB",
    "year": 2021
  },
  {
    "id": 176,
    "category": "tablets",
    "itemId": "apple-ipad-mini-6th-gen-64gb-starlight",
    "name": "Apple iPad Mini (6th Gen) 64GB Starlight",
    "capacity": "64GB",
    "fullPrice": 499,
    "price": 469,
    "color": "starlight",
    "image": "img/tablets/apple-ipad-mini-6th-gen/starlight/00.webp",
    "screen": "8.3' Liquid Retina",
    "ram": "4GB",
    "year": 2021
  },
  {
    "id": 177,
    "category": "tablets",
    "itemId": "apple-ipad-mini-6th-gen-256gb-pink",
    "name": "Apple iPad Mini (6th Gen) 256GB Pink",
    "capacity": "256GB",
    "fullPrice": 649,
    "price": 599,
    "color": "pink",
    "image": "img/tablets/apple-ipad-mini-6th-gen/pink/00.webp",
    "screen": "8.3' Liquid Retina",
    "ram": "4GB",
    "year": 2021
  },
  {
    "id": 178,
    "category": "tablets",
    "itemId": "apple-ipad-mini-6th-gen-64gb-pink",
    "name": "Apple iPad Mini (6th Gen) 64GB Pink",
    "capacity": "64GB",
    "fullPrice": 499,
    "price": 469,
    "color": "pink",
    "image": "img/tablets/apple-ipad-mini-6th-gen/pink/00.webp",
    "screen": "8.3' Liquid Retina",
    "ram": "4GB",
    "year": 2021
  },
  {
    "id": 179,
    "category": "tablets",
    "itemId": "apple-ipad-10-2-2020-128gb-gold",
    "name": "Apple iPad 10.2 (2020) 128GB Gold",
    "capacity": "128GB",
    "fullPrice": 429,
    "price": 399,
    "color": "gold",
    "image": "img/tablets/apple-ipad-10-2-2020/gold/00.webp",
    "screen": "10.2' Retina",
    "ram": "3GB",
    "year": 2020
  },
  {
    "id": 180,
    "category": "tablets",
    "itemId": "apple-ipad-10-2-2020-32gb-gold",
    "name": "Apple iPad 10.2 (2020) 32GB Gold",
    "capacity": "32GB",
    "fullPrice": 329,
    "price": 299,
    "color": "gold",
    "image": "img/tablets/apple-ipad-10-2-2020/gold/00.webp",
    "screen": "10.2' Retina",
    "ram": "3GB",
    "year": 2020
  },
  {
    "id": 181,
    "category": "tablets",
    "itemId": "apple-ipad-10-2-2020-128gb-silver",
    "name": "Apple iPad 10.2 (2020) 128GB Silver",
    "capacity": "128GB",
    "fullPrice": 429,
    "price": 399,
    "color": "silver",
    "image": "img/tablets/apple-ipad-10-2-2020/silver/00.webp",
    "screen": "10.2' Retina",
    "ram": "3GB",
    "year": 2020
  },
  {
    "id": 182,
    "category": "tablets",
    "itemId": "apple-ipad-10-2-2020-32gb-silver",
    "name": "Apple iPad 10.2 (2020) 32GB Silver",
    "capacity": "32GB",
    "fullPrice": 329,
    "price": 299,
    "color": "silver",
    "image": "img/tablets/apple-ipad-10-2-2020/silver/00.webp",
    "screen": "10.2' Retina",
    "ram": "3GB",
    "year": 2020
  },
  {
    "id": 183,
    "category": "tablets",
    "itemId": "apple-ipad-10-2-2020-128gb-spacegray",
    "name": "Apple iPad 10.2 (2020) 128GB Space Gray",
    "capacity": "128GB",
    "fullPrice": 429,
    "price": 399,
    "color": "spacegray",
    "image": "img/tablets/apple-ipad-10-2-2020/spacegray/00.webp",
    "screen": "10.2' Retina",
    "ram": "3GB",
    "year": 2020
  },
  {
    "id": 184,
    "category": "tablets",
    "itemId": "apple-ipad-10-2-2020-32gb-spacegray",
    "name": "Apple iPad 10.2 (2020) 32GB Space Gray",
    "capacity": "32GB",
    "fullPrice": 329,
    "price": 299,
    "color": "spacegray",
    "image": "img/tablets/apple-ipad-10-2-2020/spacegray/00.webp",
    "screen": "10.2' Retina",
    "ram": "3GB",
    "year": 2020
  },
  {
    "id": 185,
    "category": "tablets",
    "itemId": "apple-ipad-mini-5th-gen-256gb-silver",
    "name": "Apple iPad Mini (5th Gen) 256GB Silver",
    "capacity": "256GB",
    "fullPrice": 549,
    "price": 499,
    "color": "silver",
    "image": "img/tablets/apple-ipad-mini-5th-gen/silver/00.webp",
    "screen": "7.9' Retina",
    "ram": "3GB",
    "year": 2019
  },
  {
    "id": 186,
    "category": "tablets",
    "itemId": "apple-ipad-mini-5th-gen-64gb-silver",
    "name": "Apple iPad Mini (5th Gen) 64GB Silver",
    "capacity": "64GB",
    "fullPrice": 549,
    "price": 499,
    "color": "silver",
    "image": "img/tablets/apple-ipad-mini-5th-gen/silver/00.webp",
    "screen": "7.9' Retina",
    "ram": "3GB",
    "year": 2019
  },
  {
    "id": 187,
    "category": "tablets",
    "itemId": "apple-ipad-mini-5th-gen-256gb-spacegray",
    "name": "Apple iPad Mini (5th Gen) 256GB Space Gray",
    "capacity": "256GB",
    "fullPrice": 549,
    "price": 499,
    "color": "spacegray",
    "image": "img/tablets/apple-ipad-mini-5th-gen/spacegray/00.webp",
    "screen": "7.9' Retina",
    "ram": "3GB",
    "year": 2019
  },
  {
    "id": 188,
    "category": "tablets",
    "itemId": "apple-ipad-mini-5th-gen-64gb-spacegray",
    "name": "Apple iPad Mini (5th Gen) 64GB Space Gray",
    "capacity": "64GB",
    "fullPrice": 549,
    "price": 499,
    "color": "spacegray",
    "image": "img/tablets/apple-ipad-mini-5th-gen/spacegray/00.webp",
    "screen": "7.9' Retina",
    "ram": "3GB",
    "year": 2019
  },
  {
    "id": 189,
    "category": "tablets",
    "itemId": "apple-ipad-mini-5th-gen-256gb-gold",
    "name": "Apple iPad Mini (5th Gen) 256GB Gold",
    "capacity": "256GB",
    "fullPrice": 549,
    "price": 499,
    "color": "gold",
    "image": "img/tablets/apple-ipad-mini-5th-gen/gold/00.webp",
    "screen": "7.9' Retina",
    "ram": "3GB",
    "year": 2019
  },
  {
    "id": 190,
    "category": "tablets",
    "itemId": "apple-ipad-mini-5th-gen-64gb-gold",
    "name": "Apple iPad Mini (5th Gen) 64GB Gold",
    "capacity": "64GB",
    "fullPrice": 549,
    "price": 499,
    "color": "gold",
    "image": "img/tablets/apple-ipad-mini-5th-gen/gold/00.webp",
    "screen": "7.9' Retina",
    "ram": "3GB",
    "year": 2019
  },
  {
    "id": 191,
    "category": "phones",
    "itemId": "apple-iphone-14-pro-128gb-gold",
    "name": "Apple iPhone 14 Pro 128GB Gold",
    "fullPrice": 1156,
    "price": 1068,
    "screen": "6.1' OLED",
    "capacity": "128GB",
    "color": "gold",
    "ram": "6GB",
    "year": 2022,
    "image": "img/phones/apple-iphone-14-pro/gold/00.webp"
  },
  {
    "id": 192,
    "category": "phones",
    "itemId": "apple-iphone-14-pro-256gb-gold",
    "name": "Apple iPhone 14 Pro 256GB Gold",
    "fullPrice": 1300,
    "price": 1220,
    "screen": "6.1' OLED",
    "capacity": "256GB",
    "color": "gold",
    "ram": "6GB",
    "year": 2022,
    "image": "img/phones/apple-iphone-14-pro/gold/00.webp"
  },
  {
    "id": 193,
    "category": "phones",
    "itemId": "apple-iphone-14-pro-512gb-gold",
    "name": "Apple iPhone 14 Pro 512GB Gold",
    "fullPrice": 1600,
    "price": 1530,
    "screen": "6.1' OLED",
    "capacity": "512GB",
    "color": "gold",
    "ram": "6GB",
    "year": 2022,
    "image": "img/phones/apple-iphone-14-pro/gold/00.webp"
  },
  {
    "id": 194,
    "category": "phones",
    "itemId": "apple-iphone-14-pro-1tb-gold",
    "name": "Apple iPhone 14 Pro 1TB Gold",
    "fullPrice": 1740,
    "price": 1520,
    "screen": "6.1' OLED",
    "capacity": "1TB",
    "color": "gold",
    "ram": "6GB",
    "year": 2022,
    "image": "img/phones/apple-iphone-14-pro/gold/00.webp"
  }
]
